 create database ecomproj;
 show databases;
 use ecomproj;
create table cart(cart_id int not null, primary key(cart_id));
insert into cart value(121);
insert into cart value(122);
insert into cart value(123);
select *from cart;
create table customers(cust_id int not null ,cust_name varchar(15) not null ,cust_pass varchar(20) not null,cust_add varchar(30) not null, cust_pincode int not null ,cust_phno bigint not null, primary key(cust_id),cart_id int not null,foreign key(cart_id) references cart(cart_id));
insert into customers value(001,"Alankrit Vyas","pass123","Thane",400615,9920779553,121);
insert into customers value(002,"Shivang Dwivedi","pass456","Jaipur",303007,9876543210,122);
insert into customers value(003,"Aditya Patil","pass789","Nashik",402564,9764310258,123);
insert into customers value(004,"Adrian","pass101","Kerala",445568,7894561230,123);
delete from customers where cust_id=004;
select *from customers;
create table seller(seller_id int not null,seller_name varchar(15) not null ,seller_pass varchar(15) not null,seller_add varchar(20) not null,seller_pincode int not null,primary key(seller_id));   
insert into seller value(215,"ITC","sellerpass123","Varanasi",502893);
insert into seller value(216,"Gada electronics","sellerpass456","Goregaon",549195);
insert into seller value(217,"Dabur","sellerpass789","Gujrat",425896);
select *from seller;
create table seller_ph(seller_phno bigint not null,seller_id int not null,primary key(seller_phno,seller_id),foreign key(seller_id) references seller(seller_id));
insert into seller_ph value(9638520741,215);
insert into seller_ph value(8520963741,216);
insert into seller_ph value(8795460123,217);
select *from seller_ph;
create table payment(pay_id int not null,pay_date Date not null,pay_mode varchar(10) not null,cust_id int not null,cart_id int not null,primary key(pay_id),foreign key(cust_id) references customers(cust_id),foreign key(cart_id) references cart(cart_id),total_amt numeric(7));
insert into payment values(999,'2021-02-21',"Online",001,121,null);
insert into payment values(998,'2021-01-28',"Cash",002,122,null);
insert into payment values(997,'2021-01-31',"Cheque",003,123,null);
select *from payment;
create table product(prod_id int not null,prod_type varchar(10) not null,prod_color varchar(10) not null, prod_size varchar(10) not null,prod_cost bigint not null,quantity int not null,seller_id int not null,primary key(prod_id),foreign key(seller_id) references seller(seller_id));
insert into product value(501,"Electronic","Blue","6 inch",15000,1,216);
insert into product value(502,"Honey","Orange","500 ml",125,2,217);
insert into product value(503,"Soap","White","15x15 cm",25,5,215);
select *from product;
create table car_items(quantity_tot int not null, date_add date not null,cart_id int not null,prod_id int not null,foreign key(cart_id) references cart(cart_id),foreign key(prod_id) references product(prod_id));
insert into car_items value(1,'2021-02-20',121,501);
insert into car_items value(2,'2021-01-25',122,502);
insert into car_items value(2,'2021-01-30',123,503);
select *from car_items;
alter table customers add membership varchar(5) not null;
create table trial(named varchar(10) not null,age decimal(10,2) not null);
insert into trial value("Alan",19);
insert into trial value("Abcd",21);
select *from trial;
alter table trial modify age int;
alter table trial add bday date not null;
alter table trial drop bday;
alter table trial add constraint chk_age unique (age);
alter table trial add constraint chk_age check(age>18);
alter table trial add constraint naming primary key(named);
alter table trial drop constraint chk_age;
alter table trial drop primary key;
update trial set age=24 where named='Alan';
alter table trial rename op;
select *from op;
drop table trial; 

   